{
  "Preprocessing.Common average reference": {
    "runtime_s": 0.24301632400238304,
    "cpu_time_s": 0.012099981960134756,
    "gpu_time_s": 0.00040740680000453725,
    "cpu_mean_pct": 4.981506176114181,
    "cpu_mean_pct_of_system": 0.10378137866904541,
    "mean_cores": 0.0498150617611418,
    "rss_peak_mb": 742.29296875,
    "gpu_mean_pct": 0.3333333333333333,
    "gpu_mem_peak_mb": 931.375,
    "n_samples": 4,
    "order": 0,
    "t_start_abs": 30838.821502951,
    "t_end_abs": 30839.064519275
  },
  "Preprocessing.High-pass filter": {
    "runtime_s": 0.6106933000010031,
    "cpu_time_s": 0.0,
    "gpu_time_s": 0.002200161410000874,
    "cpu_mean_pct": 0.0,
    "cpu_mean_pct_of_system": 0.0,
    "mean_cores": 0.0,
    "rss_peak_mb": 765.1015625,
    "gpu_mean_pct": 0.3333333333333333,
    "gpu_mem_peak_mb": 981.375,
    "n_samples": 4,
    "order": 1,
    "t_start_abs": 30839.06457095,
    "t_end_abs": 30839.67526425
  },
  "Preprocessing.Whitening": {
    "runtime_s": 7.051296719000675,
    "cpu_time_s": 0.18167786088380306,
    "gpu_time_s": 0.03055584686997463,
    "cpu_mean_pct": 2.576644292170213,
    "cpu_mean_pct_of_system": 0.05368008942021276,
    "mean_cores": 0.02576644292170213,
    "rss_peak_mb": 1001.16796875,
    "gpu_mean_pct": 0.4166666666666667,
    "gpu_mem_peak_mb": 2693.375,
    "n_samples": 37,
    "order": 2,
    "t_start_abs": 30839.675322083,
    "t_end_abs": 30846.726618802
  },
  "Preprocessing.Drift correction": {
    "runtime_s": 16.602825022997422,
    "cpu_time_s": 16.242431303452392,
    "gpu_time_s": 8.84458057762917,
    "cpu_mean_pct": 97.8314774732295,
    "cpu_mean_pct_of_system": 2.038155780692281,
    "mean_cores": 0.978314774732295,
    "rss_peak_mb": 1339.21875,
    "gpu_mean_pct": 52.416666666666664,
    "gpu_mem_peak_mb": 6299.375,
    "n_samples": 85,
    "order": 3,
    "t_start_abs": 30846.726685867,
    "t_end_abs": 30863.32951089
  },
  "Template deconvolution.Template learning": {
    "runtime_s": 9.436226779998833,
    "cpu_time_s": 11.72826169370647,
    "gpu_time_s": 8.664594718069383,
    "cpu_mean_pct": 124.298520674087,
    "cpu_mean_pct_of_system": 2.589552514043479,
    "mean_cores": 1.24298520674087,
    "rss_peak_mb": 1394.53125,
    "gpu_mean_pct": 89.95833333333333,
    "gpu_mem_peak_mb": 6301.375,
    "n_samples": 49,
    "order": 4,
    "t_start_abs": 30863.399677129,
    "t_end_abs": 30872.835903909
  },
  "Graph clustering.First pass": {
    "runtime_s": 14.109176583999215,
    "cpu_time_s": 145.26081303774296,
    "gpu_time_s": 2.188782532998921,
    "cpu_mean_pct": 1029.5953744016708,
    "cpu_mean_pct_of_system": 21.44990363336814,
    "mean_cores": 10.295953744016709,
    "rss_peak_mb": 1655.32421875,
    "gpu_mean_pct": 16.666666666666668,
    "gpu_mem_peak_mb": 6301.375,
    "n_samples": 73,
    "order": 5,
    "t_start_abs": 30872.836064014,
    "t_end_abs": 30886.945240598
  },
  "Template deconvolution.Matching pursuit": {
    "runtime_s": 8.14028316799886,
    "cpu_time_s": 11.966624990305965,
    "gpu_time_s": 7.481675098338783,
    "cpu_mean_pct": 147.01465992500292,
    "cpu_mean_pct_of_system": 3.0628054151042274,
    "mean_cores": 1.470146599250029,
    "rss_peak_mb": 1901.484375,
    "gpu_mean_pct": 91.0,
    "gpu_mem_peak_mb": 8147.375,
    "n_samples": 43,
    "order": 6,
    "t_start_abs": 30887.474200812,
    "t_end_abs": 30895.61448398
  },
  "Graph clustering.Final pass": {
    "runtime_s": 16.51834301299823,
    "cpu_time_s": 192.75792410442628,
    "gpu_time_s": 2.6160305786415488,
    "cpu_mean_pct": 1166.9712177077024,
    "cpu_mean_pct_of_system": 24.311900368910464,
    "mean_cores": 11.669712177077024,
    "rss_peak_mb": 1706.19140625,
    "gpu_mean_pct": 16.120481927710845,
    "gpu_mem_peak_mb": 8147.375,
    "n_samples": 84,
    "order": 7,
    "t_start_abs": 30895.614533634,
    "t_end_abs": 30912.132876647
  },
  "Graph clustering.Merging": {
    "runtime_s": 1.0827385320008034,
    "cpu_time_s": 4.613757205113645,
    "gpu_time_s": 0.06571726379988832,
    "cpu_mean_pct": 426.3444606712004,
    "cpu_mean_pct_of_system": 8.882176263983341,
    "mean_cores": 4.263444606712004,
    "rss_peak_mb": 1707.375,
    "gpu_mean_pct": 6.666666666666667,
    "gpu_mem_peak_mb": 8147.375,
    "n_samples": 7,
    "order": 8,
    "t_start_abs": 30912.133343546,
    "t_end_abs": 30913.216082078
  }
}